City,lat,lng,Population Density
Aachen,50.7762,6.0838,616.9077307
Accra,5.6037,-0.187,5058.172185
Adelaide,-34.9289,138.6011,1846.058985
Aguadilla,18.4382,-67.1536,17.32096774
Akron,41.0798,-81.5219,709.1693852
Albany,37.8898,-122.3018,26.76086957
Albany,31.5776,-84.1762,121.21875
Albany,44.6274,-123.0966,85.43478261
Albany,42.6664,-73.7987,796.7160326
Albuquerque,35.1053,-106.6464,1312.405172
Ankara,39.93,32.85,9440.797599
Antwerp,51.2206,4.4003,1543.624161
Asheville,35.5704,-82.5536,583.0354478
Athens,37.9842,23.7281,970.8274854
Atlanta,33.7627,-84.4224,1072.083022
Atlanta,33.1136,-94.1672,1.087153256
Auckland,-36.85,174.7833,2768.549906
Augusta,37.6955,-96.9921,15.70333333
Augusta,33.3645,-82.0708,651.3483333
Augusta,44.3341,-69.7319,36.86
Austin,30.3004,-97.7522,2047.707524
Austin,43.6718,-92.9783,31.09951456
Avignon,43.95,4.8075,184.3917323
Baghdad,33.35,44.4167,9724.832215
Baltimore,39.3051,-76.6144,1191.214932
Bangalore,12.9699,77.598,25668.53933
Bangkok,13.75,100.5167,16897.0297
Barcelona,41.3825,2.1769,5713.574097
Baton Rouge,30.4418,-91.131,784.4676754
Beijing,39.905,116.3914,25979.94652
Beirut,33.8869,35.5131,557.6635802
Belo Horizonte,-19.9281,-43.9419,5943.548387
Berlin,52.5167,13.3833,3704.091463
Birmingham,42.5447,-83.2166,21.05216535
Birmingham,33.5277,-86.7987,727.9261811
Bordeaux,44.84,-0.58,243.9016083
Boston,42.3188,-71.0846,1042.5497
Boston,42.6528,-78.7555,1.788303313
Brisbane,-27.4678,153.0281,1568.424205
Brussels,50.8333,4.3333,2448.033708
Budapest,47.4983,19.0408,2496.133903
Buenos Aires,-34.5997,-58.3819,7130.185349
Buffalo,45.1796,-93.8644,17.88736842
Buffalo,42.9016,-78.8487,962.4642105
Buffalo,40.706,-79.7387,7.692631579
Cairo,30.0561,31.2394,14959.07336
Calgary,51.05,-114.0667,1765.270655
Campinas,-22.9009,-47.0573,2366.052846
Canton,40.8075,-81.3677,724.2419355
Canton,40.5632,-90.0409,36.58870968
Canton,41.86,-72.9083,27.65591398
Canton,40.1991,-80.3009,21.8655914
Canton,34.2467,-84.49,82.06451613
Canton,42.175,-71.1264,62.81989247
Canton,32.5975,-90.0317,37.76344086
Canton,44.5802,-75.1978,29.82526882
Cape Coral,26.6446,-81.9956,1344.832998
Cape Town,-33.925,18.425,632.1982507
Charleston,39.4842,-88.1781,33.64046823
Charleston,38.3484,-81.6323,231.9498328
Charleston,36.9179,-89.3344,9.143812709
Charleston,32.8153,-79.9628,1050.797659
Charlotte,35.208,-80.8304,1343.62611
Charlotte,42.5662,-84.8304,11.28152753
Chattanooga,35.0657,-85.2488,553.2636485
Chennai,13.0825,80.275,27352.657
Chicago,41.8373,-87.6862,1564.969625
Cincinnati,39.1413,-84.5061,955.5695402
Cleveland,34.5971,-83.7621,3.205250597
Cleveland,41.4767,-81.6804,1020.341885
Cleveland,35.1817,-84.8707,43.91169451
Cleveland,30.3374,-95.0931,6.378281623
Cleveland,33.744,-90.7285,8.42124105
Colorado Springs,38.8674,-104.7606,1257.168297
Columbia,35.6235,-87.0486,58.34002869
Columbia,34.0376,-80.9037,803.5021521
Columbia,38.9478,-92.3256,203.2209469
Columbia,40.0348,-76.4944,14.85652798
Columbia,41.6939,-72.3072,7.771879484
Columbia,39.2004,-76.859,149.1979914
Columbia,38.4581,-90.2156,15.08321377
Columbia,31.2564,-89.8266,9.279770445
Columbus,32.51,-84.8771,253.8300971
Columbus,39.2093,-85.9183,58.15242718
Columbus,43.3354,-89.03,6.595145631
Columbus,33.5088,-88.4096,30.17864078
Columbus,39.9862,-82.985,1516.513592
Columbus,41.4368,-97.3563,22.78446602
Concord,42.462,-71.3639,41.82932166
Concord,37.9722,-122.0016,1427.369803
Concord,43.2305,-71.5595,95.46389497
Concord,39.8741,-75.5135,38.82932166
Concord,42.545,-78.7075,18.56455142
Concord,35.3933,-80.6366,572.868709
Concord,38.5117,-90.3574,39.19474836
Copenhagen,55.6761,12.5689,738.3345588
Curitiba,-25.4297,-49.2719,2900.239198
Dalian,38.9,121.6,11516.70951
Dayton,39.258,-119.5677,11.17303103
Dayton,45.1906,-93.4758,7.978520286
Dayton,35.4912,-85.012,12.42243437
Dayton,30.0292,-94.9038,16.69093079
Dayton,39.7797,-84.1998,857.2231504
Dayton,40.3815,-74.5137,9.040572792
Dayton,39.1127,-84.464,6.693317422
Delhi,28.66,77.23,22870.27027
Denver,39.7621,-104.8759,2226.489938
Detroit,42.3834,-83.1024,1073.194368
Donetsk,48.0089,37.8042,2060.006652
Dublin,53.3497,-6.2603,3214.189041
Durban,-29.8583,31.025,717.8057901
Durham,35.9794,-78.9031,1046.059113
Durham,43.1174,-70.9195,40.59359606
Durham,41.4622,-72.6829,17.78571429
Durham,39.6232,-121.7875,14.74630542
Edmonton,53.5344,-113.4903,1250.168235
El Paso,31.8479,-106.4309,1484.834507
Fayetteville,36.0713,-94.166,811.1916859
Fayetteville,35.149,-86.5634,21.87759815
Fayetteville,33.45,-84.4709,41.54965358
Fayetteville,35.0846,-78.9776,756.2009238
Flint,43.0235,-83.6922,554.5742905
Fortaleza,-3.7275,-38.5275,4206.149228
Frankfurt,50.1136,8.6797,765.300813
Fukuoka,33.6,130.4167,3911.764706
Gold Coast,-28.0167,153.4,1773.177546
Grand Rapids,42.962,-85.6562,913.5142429
Grand Rapids,47.238,-93.5327,16.8125937
Greenville,33.385,-91.0514,50.44804089
Greenville,43.1797,-85.2533,16.4770017
Greenville,40.1043,-84.6209,21.66950596
Greenville,38.8866,-89.3893,10.9318569
Greenville,41.4052,-80.3837,16.34412266
Greenville,41.88,-71.5549,14.81260647
Greenville,40.9981,-73.8194,13.31175468
Greenville,31.8437,-86.6379,12.59795571
Greenville,34.8353,-82.3647,825.3236797
Greenville,35.5956,-77.3768,221.6660988
Greenville,33.1116,-96.1098,49.10902896
Guadalajara,20.6767,-103.3475,8813.758389
Hamburg,53.55,10,2220.963812
Harare,-17.8292,31.0522,3019.662921
Harrisburg,35.3124,-80.6486,30.6962963
Harrisburg,37.7373,-88.5457,16.54259259
Harrisburg,40.2752,-76.8843,819.0537037
Harrisburg,43.4321,-96.7037,12.42592593
Hartford,43.6644,-72.3866,7.930098684
Hartford,41.7661,-72.6834,744.3684211
Hartford,43.3223,-88.3782,12.70148026
Helsinki,60.1756,24.9342,1340.386221
Hickory,35.7425,-81.323,399.8589744
Ho Chi Minh City,10.8167,106.6333,25698.8417
Honolulu,21.3294,-157.846,2057.611529
Houston,29.7863,-95.3889,1628.688823
Huntsville,30.705,-95.5544,103.7862408
Huntsville,34.6988,-86.6412,784.3955774
Indianapolis,39.7771,-86.1458,1109.609637
Istanbul,41.01,28.9603,12996.56947
Jackson,33.292,-83.9678,12.99280576
Jackson,39.9057,-76.8796,19.37889688
Jackson,35.6535,-88.8353,177.6139089
Jackson,40.098,-74.3579,136.6139089
Jackson,43.3237,-88.166,17.26618705
Jackson,37.3792,-89.6521,35.57793765
Jackson,32.3163,-90.2124,780.2158273
Jackson,43.4721,-110.7745,30.15827338
Jackson,42.2431,-84.4037,208.8968825
Jackson,41.008,-75.3578,16.46282974
Jackson,40.3774,-76.3142,21.23021583
Jackson,38.3485,-120.7728,18.10551559
Jackson,39.046,-82.6492,27.48681055
Jacksonville,34.8807,-92.1302,26.56161806
Jacksonville,33.8088,-85.7545,11.80056444
Jacksonville,31.9642,-95.2617,13.93697084
Jacksonville,39.7292,-90.2318,20.39981185
Jacksonville,30.3322,-81.6749,1111.473189
Jacksonville,34.7288,-77.3941,102.4045155
Jakarta,-6.2146,106.8451,25397.05882
Jeddah,21.5428,39.1728,5117.117117
Kansas City,39.1234,-94.7443,101.0303831
Kansas City,39.1239,-94.5541,1081.053501
Karachi,24.86,67.01,28638.99614
Katowice,50.25,19,508.2702206
Khartoum,15.6031,32.5265,12490.56604
Knoxville,41.3188,-93.1024,8.189988623
Knoxville,35.9692,-83.9496,666.7212742
Kuala Lumpur,3.1478,101.6953,5158.779577
Lagos,6.45,3.4,20703.25203
Lahore,31.5497,74.3436,17718.64952
Lancaster,42.9099,-78.6378,83.33655706
Lancaster,40.0421,-76.3012,776.6421663
Lancaster,34.6935,-118.1753,664.0309478
Lancaster,39.7249,-82.6049,85.97098646
Lancaster,34.7247,-80.7801,49.61121857
Lancaster,32.5922,-96.7737,75.8762089
Lancaster,42.4817,-71.6808,15.5589942
Las Vegas,35.6011,-105.2206,19.78677463
Las Vegas,36.2333,-115.2654,2839.673414
Lille,50.6278,3.0583,491.1118143
Lima,-12.05,-77.0333,16523.48993
Lisbon,38.7452,-9.1604,575.0896708
Little Rock,34.7256,-92.3576,826.7199248
Los Angeles,34.1139,-118.4068,2951.575694
Louisville,39.9709,-105.1441,20.54886476
Louisville,33.1224,-89.0553,5.906219151
Louisville,40.8371,-81.2643,9.23988154
Louisville,38.1663,-85.6485,992.7482725
Lyon,45.76,4.84,540.9769392
Madrid,40.4167,-3.7167,6376.719577
Manila,14.6,120.9833,16503.21658
Marseille,43.2964,5.37,722.6063123
McAllen,26.2273,-98.2471,989.0701107
Melbourne,-37.8136,144.9631,2441.438942
Memphis,35.1046,-89.9773,1029.890927
Memphis,27.5435,-82.5607,9.311776062
Mexico City,19.4333,-99.1333,10133.20463
Miami,25.7839,-80.2102,2229.520927
Miami,36.8877,-94.8718,5.386025597
Milan,45.4669,9.19,879.1377091
Milwaukee,43.0642,-87.9673,1083.098335
Mobile,30.6783,-88.1162,577.8424908
Moscow,55.7558,37.6178,7965.116279
Mumbai,18.9667,72.8333,48254.13223
Munich,48.1372,11.5755,2840.749035
Nagoya,35.1167,136.9333,3169.73913
Nantes,47.2181,-1.5528,1331.281513
Naples,40.8333,14.25,1657.193825
Nashville,35.9692,-77.9555,4.976702509
Nashville,36.1715,-86.7843,969.4471326
New Haven,41.3112,-72.9246,764.3166441
New Haven,41.0675,-85.0175,21.54533153
New Orleans,30.0687,-89.9288,1993.917969
Nice,43.7034,7.2663,1395.841886
Ogden,41.2278,-111.9682,1241.465665
Ogden,43.1646,-77.822,43.65021459
Ogden,34.2656,-77.7965,18.04291845
Oklahoma City,35.4676,-97.5136,1165.201198
Omaha,41.2627,-96.0522,1446.790102
Orlando,28.4772,-81.3369,1552.294719
Palm Bay,27.955,-80.6627,891.0404218
Paris,48.8566,2.3522,4047.006978
Pau,43.3,-0.37,171.4
Pensacola,30.4427,-87.1886,610.7764085
Perth,-31.9522,115.8589,2136.394191
Philadelphia,32.7761,-89.1221,1.575842094
Philadelphia,40.0077,-75.1339,1212.036044
Phnom Penh,11.5696,104.921,4110.754826
Pittsburgh,40.4396,-79.9762,771.4067029
Port Elizabeth,-33.9581,25.6,731.5971897
Portland,40.4375,-84.9833,4.88762215
Portland,43.6773,-70.2715,166.0985342
Portland,42.8696,-84.899,4.156351792
Portland,45.5372,-122.65,1689.556189
Portland,36.5883,-86.5194,10.61074919
Portland,27.8911,-97.3284,14.06188925
Portland,41.5988,-72.589,7.591205212
Porto Alegre,-30.0328,-51.23,2547.068611
Porto,41.1495,-8.6108,610.7737789
Poughkeepsie,41.6949,-73.921,575.451895
Pretoria,-25.7464,28.1881,1102.007429
Providence,39.9092,-76.233,5.390337423
Providence,41.823,-71.4187,922.7223926
Providence,41.7033,-111.8121,5.966257669
Quito,-0.2186,-78.5097,4199.139875
Raleigh,35.8325,-78.6435,1254.514493
Recife,-8.0539,-34.8808,4135.742021
Richmond,29.5825,-95.7602,11.12113174
Richmond,39.2755,-93.9731,4.998231653
Richmond,41.4983,-71.6608,6.766578249
Richmond,37.5295,-77.4756,951.1918656
Richmond,39.8318,-84.8905,37.46507515
Richmond,37.9477,-122.339,97.76038904
Richmond,42.8094,-82.7518,5.536693192
Richmond,37.7306,-84.2926,36.22634836
Rio de Janeiro,-22.9083,-43.1964,7767.088608
Riyadh,24.65,46.71,6249.772934
Rochester,42.6866,-83.1198,17.40314136
Rochester,43.299,-70.9787,41.26439791
Rochester,44.0151,-92.4778,156.9921466
Rochester,43.168,-77.6162,921.4031414
Rochester,41.059,-86.196,9.222513089
Rochester,41.76,-70.8385,7.303664921
Rome,41.8931,12.4828,3411.876485
Rotterdam,51.9225,4.4792,1188.615819
Sacramento,38.5667,-121.4683,1985.375523
Salt Lake City,40.7777,-111.9306,1837
San Antonio,29.4658,-98.5253,1940.618371
San Diego,32.8312,-117.1225,1589.396841
San Jose,37.3019,-121.8486,2667.808605
San Juan,18.4037,-66.0636,140.0082287
Santiago,-33.45,-70.6667,10813.2716
Sapporo,43.0621,141.3544,4738.381643
Scranton,41.4044,-75.6649,934.9148418
Seattle,47.6211,-122.3244,1534.095142
Shanghai,31.1667,121.4667,29651.47453
Shenyang,41.8039,123.4258,15684.32671
Shenzhen,22.535,114.054,34182.40343
Shreveport,32.4656,-93.7956,698.4089776
Singapore,1.3,103.8,11993.73695
South Bend,41.6767,-86.2696,694.3019802
Spokane,47.6671,-117.433,1111.253369
Springfield,40.5249,-75.2998,6.3
Springfield,39.8466,-76.7112,7.07375
Springfield,32.3634,-81.3029,6.53
Springfield,40.0986,-75.2016,24.61625
Springfield,39.771,-89.6538,198.13625
Springfield,30.1713,-85.6089,10.72125
Springfield,38.7809,-77.1839,40.2775
Springfield,42.1155,-72.5395,779.25125
Springfield,43.2906,-72.4809,11.23625
Springfield,37.1943,-93.2916,360.1125
Springfield,40.6994,-74.3253,21.7575
Springfield,36.4943,-86.8709,22.80125
Springfield,39.9297,-83.7957,103.525
Springfield,42.3246,-85.2371,6.4975
Springfield,39.928,-75.3362,30.30875
Springfield,44.0538,-122.981,79.0375
St. Catharines,43.1833,-79.2333,795.1645244
St. Louis,38.6358,-90.2451,942.7452259
St. Louis,43.4082,-84.6118,3.383791337
Stockholm,59.3294,18.0686,1877.696911
Stuttgart,48.7761,9.1775,1533.405797
Sydney,-33.865,151.2094,3148.881446
Syracuse,41.086,-112.0698,67.6516129
Syracuse,43.0409,-76.1438,869.2967742
Syracuse,41.4226,-85.7492,15.23655914
Taichung,24.15,120.6667,5497.831373
Taipei,25.0478,121.5319,7139.805851
Tashkent,41.3,69.2667,4565.160075
Tehran,35.7,51.4167,19873.17784
Tianjin,39.1467,117.2056,23841.0596
Toledo,41.6639,-83.5822,920.0591603
Toronto,43.7417,-79.3733,3280.679154
Toulon,43.1258,5.9306,241.1683029
Toulouse,43.6045,1.444,1198.809406
Tours,47.2436,0.6892,322.5344418
Tucson,32.1545,-110.8782,1176.802649
Tulsa,36.1284,-95.9042,991.1861152
Turin,45.0667,7.7,1741.904
Valenciennes,50.358,3.5233,85.47534517
Vancouver,49.25,-123.1,2022.163393
Vereeniging,-26.6736,27.9319,2242.17119
Vienna,48.2083,16.3731,4218.96468
Virginia Beach,36.7335,-76.0435,1084.214076
Warsaw,52.2167,21.0333,3842.613734
Washington,40.5093,-79.6011,2.372830441
Washington,41.2982,-91.6928,2.413217623
Washington,35.5587,-77.0545,5.345126836
Washington,38.5514,-91.0151,4.812082777
Washington,40.7389,-75.6392,2.252336449
Washington,40.8467,-75.1972,1.746328438
Washington,37.1304,-113.4877,9.7376502
Washington,38.6587,-87.1591,4.527703605
Washington,40.9884,-74.0637,3.083110814
Washington,40.7049,-89.4346,5.512683578
Washington,40.7877,-74.7918,6.151201602
Washington,39.747,-75.0724,15.96562083
Washington,39.7494,-77.558,4.882176235
Washington,40.174,-80.2466,4.48364486
Washington,40.7587,-74.9825,5.125834446
Washington,38.9047,-77.0163,1795.455274
Wichita,37.6896,-97.3442,1037.094624
Winnipeg,49.8844,-97.1464,1581.264574
Worcester,40.1899,-75.3522,16.05864198
Worcester,42.2705,-71.8079,769.0246914
Youngstown,41.0993,-80.6463,640.8324873
